{"models":[{"filename":"land.gltf","id":12},{"filename":"stickman.gltf","id":210}],"scenes":[{"base":[{"id":12,"translation":{"x":0,"y":0,"z":0},"rotationQ":{"_x":0,"_y":0,"_z":0,"_w":1},"scale":{"x":1,"y":1,"z":1}},{"id":210,"translation":{"x":2.5213574835771917,"y":1.0348092643917297,"z":0},"rotationQ":{"_x":0,"_y":0,"_z":0,"_w":1},"scale":{"x":1,"y":1,"z":1}}],"actions":[{"type":"subtitle","value":"Hey"},{"type":"move","id":210,"from":{"x":2.5213574835771917,"y":1.0348092643917297,"z":0},"to":{"x":2.5213574835771917,"y":1.0348092643917297,"z":3.9916439739793432}}]}]}